pid,title,content
5088995,在古巴，不做一定會後悔的事,"消失中的古董車王國 相信不少人都看過《玩命關頭》系列電影,記得當時還是高中生的我,在看了第一集後,便深深的愛上了戲裡尬車的極速快感,往後只要《玩命關頭》推出續集,我一定第一個去電影院報到。 《玩命關頭》第八集在2017年上映時,號稱是美國史上第一部在古巴拍攝的好萊塢大片。電影裡面由馮迪索所飾演的主角唐老大,來自古巴,第八集描述他與女友回到古巴度假後發生的一連串故事。由於唐老大的背景,再加上古巴政府剛放寬美國電影的拍攝限制,整部電影便理所當然地來到了古巴取景。而為了符合當地的歷史背景與人文環境,劇中的車子自然而然是古巴著名的古董車,看著唐老大開著五、六○年代的古董車在街上展開追逐戰,有種莫名的違和感。 電影一開場就是熟悉的哈瓦那以及我曾去晨跑過的馬雷貢海濱大道,隨著劇情的發展,許多我鍾愛的古巴景點一一出現在大銀幕上,這些電影場景,相信對於很多台灣朋友來說應該是既新鮮又陌生。但是對於我來說,開場的這十幾分鐘,每個在哈瓦那街頭的片段,都讓我有種回到家鄉阿根廷的奇妙感受。 哈瓦那的味道 在古巴,只要一下飛機,就可以聞到一股濃濃的汽油味,以及車子排氣管的黑煙味,全都是哈瓦那街上那些美國老爺車所排放出來。這就是哈瓦那的味道。 這些五、六○年代的老凱迪拉克、老雪鐵龍、老福特,都是耗油、排氣量高的美國大車,在街上奔馳時,排放出來的黑煙之濃烈,讓人無法忍受。 古董車通常指的是車齡60年以上的老爺車。古巴全國的古董車數量似乎沒人做過正式的統計,粗估應該有60,000至75,000輛,其中2/3是美國大車、1/3則是蘇聯生產的汽車,這些不同時代的古董車並存在古巴島上,完整又殘酷地反映出古巴這幾十年來的歷史。 美國製造的古董車橫跨了三○、四○到五○年代,當時美國主要的汽車品牌,例如凱迪拉克、克萊斯勒、福特、雪鐵龍、道奇、別克、普利茅斯等,都能在大馬路上看到,這些都是在1962年美國對古巴實施貿易禁運之前所進口的。至於剩下的1/3古董車則是1962年到九○年代,由蘇聯生產的汽車。古巴在成為共產國家、被美國施以貿易禁運制裁之後,便轉而投入蘇聯老大哥的懷抱,從蘇聯進口了許多汽車,贈送給對古巴有貢獻的專業人士或政府人員做為獎勵,普通人是買不到的。 除了古董車外,古巴街上還可以見到為數不多的亞洲車,大多是九○年代後從日本、韓國或中國進口的二手車。這些車排氣量較小,屬於中、小型的現代化汽車,部分是政府買來做為對古巴有貢獻人士的獎勵,但有些是藝術家們自行從國外帶回來的;也有一部分的亞洲進口車被拿來當作遊覽車或計程車,載送觀光客。 在哈瓦那,常會有種懷舊感,無論是城市的景觀、建築或當地人的生活型態,似乎仍停滯於七、八○年代;但是走在街道上,看見滿街奔馳的古董車,時空彷彿凝結一般,甚至回到了五、六○年代。 哈瓦那街頭可以看到全世界獨一無二的景象,就是美製汽車與蘇聯汽車同時在路上奔馳著。五、六○年代美國古董車,例如雪佛蘭,顏色鮮豔、款式誇張,外型很像太空火箭;相較之下,蘇聯汽車外型四四方方,像個冰箱、皮鞋盒,完全沒有任何美感可言。除了一般轎車外,還可以看到電影裡常出現、載送小朋友的美國校車,以及蘇聯製造、專門運送軍隊武器到西伯利亞的軍用大卡車。美蘇兩國截然不同類型的車款同時出現在哈瓦那,呈現著一種和諧卻帶著詭譎的氛圍,與美蘇兩國曾經劍拔弩張的對立情勢迥然不同。 不過近來在古巴街頭,蘇聯製的汽車已愈來愈少見,反倒是許多老舊的美國古董車依然苟延殘喘地在路上行駛。我猜是因為外型的關係,畢竟美國車外型比蘇聯車好看許多,誰都會想多看一眼或拍張照留念,因此車主會想盡辦法維持它的性能。畢竟開一台車況良好的美製古董車在街上奔馳,是多風光、拉風的事啊! 在古巴不做一定會後悔的事  古董車可說是哈瓦那的代名詞,只要講到哈瓦那,一般人往往就會聯想到古董車。在古巴,古董車被稱為almendrón,通常指的是那種外型誇張、像火箭一般的五○年代美國大車,因為這種車細細長長,像西班牙文中的杏仁(almendra)一樣,後來便衍生出almendrón這個名詞。 對許多古巴人來說,擁有一台保養良好的古董車是種榮耀,也是珍貴的資產。一輛八○年代的蘇聯古董車售價約3,000~12,000美金,換作是almendrón美製古董車,一台至少12,000美金起跳,而如果是保養良好的敞篷古董車,售價則可能飆高到80,000美金,折合台幣要兩百多萬元。 Almendrón除了具有歷史價值之外,如果車況良好、外型拉風,還可以當作生財器具服務外國遊客,賺取外匯。通常觀光客到了哈瓦那,一定都會被這些酷炫的古董車所吸引,迫不及待想坐進去拍照或是搭車遊覽市區,因此許多古董車車主無不使出渾身解數,把車子擦得晶亮,希望靠著家傳的古董車,從遊客身上多賺點CUC。至於那些外型比較破舊、性能較差的almendrón,通常就只能做為當地人的計程車使用。 記得2014年我第一次帶團去古巴,那是台灣史上第一個十三天純古巴旅遊團,安排了一項特殊活動:讓團員們搭乘古董車,進行三小時的市區觀光。那一團人數不多,大約十六人,出動了六部五顏六色、不同款式的敞篷古董車,引擎聲轟隆作響,這個聲勢浩大的古董車隊,相當壯觀。我們在搭車欣賞沿途風光時,自然也成為其他觀光客眼中的景點,大家都拿起相機猛拍,那個當下完全可以體會到什麼是巨星般閃耀、鎂光燈的焦點。  只可遠觀的almendrón 自1962年美國實施貿易禁運政策後,古巴不但無法從美國進口汽車,甚至連相關零件也無法取得,所以一旦古董車壞了,車主就得想辦法自己修理,找不到新零件的話,也只好發揮創意,找尋其他替代方案。 那些在哈瓦那街上行駛的almendrón,就像濃妝豔抹、打扮非常時髦的女人一樣,遠看真的很漂亮,可是走近一看,才發現判若兩人。許多古董車遠看金光閃閃,鈑金、輪胎鋼圈、擋風玻璃還有皮椅都擦得亮晶晶,還配有CD音響,或是聲音獨特的喇叭,甚至內外都裝上了五顏六色的LED燈,可是坐進車裡,就會發現有些地方生鏽、零件鬆脫,還用鐵絲捆綁固定,跟酷炫的外型完全不搭。我常聽到搭乘古董車的觀光客稱讚司機貼心、服務好,上下車都會主動幫他們開車門,殊不知這並非出於禮貌,而是擔心這些粗魯的外國人力道過大,損壞了車子。 記得有次帶團在古巴搭古董車遊車河,車子開到一半時,突然聽到金屬撞擊路面的聲音,在司機緊急煞車的同時,我看見右前方的輪胎鋼圈就這麼滾了出去,急忙跑下去把它追回來,之後就將這個嚴重生鏽的鋼圈放在兩腿間,繼續一路走完行程。  許多古董車在打開引擎蓋後,看到的已經不是那種轟隆隆、踩下油門就可以立刻飆到150公里的原廠引擎,取而代之的是小小的、被南韓或日本淘汰的二手引擎。所以,如果你在哈瓦那看到超炫、超拉風的美國古董車時,一定要仔細聽聽,或許在它們霸氣的外表下,配備的是二手柴油引擎,正在有氣無力的運轉當中。 由於零件極度短缺,一台即將報廢的車子通常都會被拆解個精光,所有可再使用的零件也會被拿去販售,連一顆小螺絲釘都不放過。為了找尋合適的零件,車主們無所不用其極,除了購買或交換二手零件外,還會想辦法自製零件。比方說,古巴人會混合某種洗髮精、肥皂與食用油,做成一種液體當作煞車油。 我在古巴曾聽過這麼一句話,「由於沒有原廠零件,所以我們必須發明。」雖然透露著無奈,但也參雜著些許驕傲。因為,若不是憑著古巴人的聰明才智,怎麼有辦法發明出各式各樣的汽車零件呢? 許多古巴人為了幫他們世代相傳的古董車尋找合適的零件,甚至把腦筋動到其他機器或交通工具上。我曾聽說,有人因為找不到車子專用的避震器,所以用火車避震器取代,這些千奇百怪的零件就這樣被改裝到汽車裡,更讓人訝異的是,居然都合用。 雖然美國古巴之間的貿易禁運導致古巴人無法取得美製的汽車零件,但還是有不少比較昂貴的汽車零件會透過走私管道,進口到古巴。雖然這樣並不合法,但美古兩國政府往往睜一隻眼閉一隻眼,默許這樣的行為。 許多居住在美國邁阿密的古巴移民,他們會依據需求,在美國本土代買指定的汽車零件,加上20%手續費,賣給古巴車主;不過買家還得自行解決物品運輸的問題,最常見的就是找時常往返美古兩地的古巴人,把零件帶回古巴。 此外,古巴幾乎很少看到汽車維修廠,大家都習慣自己動手修理。我曾問當地人,「你們為何不找修車廠修理?」他們總是回答,「為什麼要送去修車廠?這些車子都是我們家族一代一代地傳下來,從小父親就教我們修車,車子裡裡外外我們再熟悉不過了,它就好像我們家族成員,所以零件維修絕對不假他人之手,一定自己來。」 曾有古巴朋友半開玩笑地說,「到今天為止,我們家古董車已經存活半個世紀以上,假如我們願意的話,一定可以讓它的生命再延續到下半個世紀。」語氣中既感慨又帶著驕傲。  本文摘自平裝本出版《古巴,你好嗎?》"
5088996,韓國髒髒包，如何攻進華人的胃？,"麵包外層刷上巧克力醬,再裹上一層可可粉,咬下去就爆漿,嘴角很難避免不會沾到粉,吃的時候,口手並用,手髒臉髒,很難不混亂,從韓國發源的巧克力可頌麵包,一路變形紅到中國,韓國原本叫「Dirty Choco 」,到了中國傳神的「髒髒包」,恰如其份的反映吃相,成為近來最火紅的食物。現在台灣各大麵包店,也紛紛賣起「髒髒包」。 到底這個接近兩碗飯超高熱量的甜點,如何征服華人的嘴? 髒髒包來源不可考,但是在中國開賣,最早則是由來自韓國,開在北京三里屯的網紅店「Bad Farmers & Our Bakery」開始, 每天分下午1點和5點兩批出爐,提前一個小時發號碼牌,一個人一次只能買兩個。  為了搶購,多的是提早來排個兩三小時,就為了買兩個麵包,一個售價26人民幣(約新台幣120元),代購甚至要到120人民幣(新台幣超過550元)。光是在淘寶搜尋「髒髒包代購」,人氣最高的賣家,月銷量逼近1萬5000個。  「很少很難買」的稀缺性,激發人類想要征服的渴望,熱潮迅速延燒,北京、上海大走紅,好不容易吃到的,一定要立刻拍照打卡,分享自己臉頰沾滿巧克力粉的萌(?)樣。  韓國著名的咖啡連鎖店巴黎貝甜(Paris Baguette)也跟進,每家分店每天可以賣超過100個,光是髒髒包就佔了巴黎貝甜在中國銷售額的7%。 一切就像所有火紅的病毒行銷一樣,不斷擴散。 中國上一波掀起浪潮的網紅名店是「喜茶」。想買上一杯「芝士奶蓋茶」也得排上個三小時,拿著與畫有小清新插畫的杯子,配上滿嘴奶蓋泡泡的白鬍鬚,怎麼樣都得拍張照放上網路,昭告天下,我喝到了。 髒髒包的熱火也燒到台灣,IG上「#髒髒包」就有超過15000則貼文,之前消費者瘋搶的「#厚奶茶」也不過才5000多則而已,只是爆紅稍縱即逝,現在還有人在搶厚奶茶嗎?你吃過一個,還會持續想吃第二個第三個?決定熱銷的持續力。 這次髒髒包熱潮可以燒多久,就看下一個明星商品什麼時候引爆你的社群圈了。"
5088997,無人智慧工廠就在阿里山下！特斯拉、BMW為何非它不可？,"嘉義縣大埔美工業區最近出現了忙碌的景象,自過年前到現在,24小時生產線不停工。一旁則日夜趕工、安裝新人工智慧生產線,旁邊的黃土上則正在蓋新工廠。       . 嘉義的阿里山下, 和大工業的無人智慧工廠正生產著全球最先進的電動車減速齒輪、傳動軸。天下雜誌採訪和大工業董事長沈國榮請他談智慧(能)生產的優勢。 (攝影:邱劍英 @imageinstagram ) #和大工業 #無人 #智慧工廠 #電動車 #減速齒輪 #傳動軸 #天下雜誌 #和大工業 #沈國榮 #智慧生產 #智能生產。 天下雜誌(@commonwealth_magazine)分享的貼文 於 PDT 2018 年 3月 月 30 日 12:19 上午 張貼    因為電動車取代傳統汽、柴油車的大浪潮,正在全世界如火如荼展開,於是這座工廠一邊產能滿載、一邊設新廠、新產線,來滿足來自世界各地的汽車傳動軸、齒輪訂單。 走進工廠,100公尺長的生產線有32台機器,要進行車、鑽、磨、熱處理、校正、檢驗等十三道製程。只見機器手臂、關節型機器人拿起一支支黝黑的鋼柱,一路自動送到車床、高週波的熱處理機器等設備加工,最後成了一支支銀白閃亮的合金傳動軸,從原材料到成品,整段流程看不到一個人工操作的環節。  這條人工智慧產線不僅全自動化,每條線上的32台機器還會互相對話,所有生產數據傳到雲端,建立大數據資料庫,作為追蹤、分析與改善使用,客戶也隨時能看到自己的產品。  這樣一條AI產線,要價3.5億,比傳統精密產線貴上一倍以上,還要花2年的時間調整、磨合。打造人工智慧產線的和大工業董事長沈國榮說,「不僅貴,還放慢了這兩年的產能擴充速度,因為人工智慧生產線是台灣非走不可的路。」 經濟部智慧機械推動辦公室副執行長、台中市經發局局長呂曜志說,「沈國榮是一個思想前進的老闆,大量運動人工智慧,是因為未來全球人力資本將產生變化、需要智慧化產線來解決勞力不足問題。」  這座阿里山下的人工智慧生產線工廠,生產了包括特斯拉、BMW、克萊斯勒等國際大車廠的汽車傳動軸、減速齒輪,是世界最頂級的汽車傳動零組件的供應地。  而特斯拉更是非要和大的減速齒輪不可。 為什麼和大有此實力?  特斯拉最核心的供應商 時間回到2009年,金融大海嘯讓全球景氣急縮,當所有廠商產能閒置時,特斯拉找上包括和大在內的台灣汽車零組件供應商。 「我們那時候真的沒事做,員工在樹下抽菸,高階幹部煩惱沒訂單,所以特斯拉上門就接,10件也接,20件也接。在只有特斯拉一家客戶的情況下,雖然訂單很少,但全力去集中替特斯拉開發,」沈國榮說。  最早也最用心,和大成了特斯拉最核心的供應商,生產特斯拉電動車的減速齒輪、傳動軸。  然而,商場上是沒有天長地久、山盟海誓的,特斯拉崛起之後,它的訂單成了兵家必爭之地,和大的訂單自然也被瓜分了,隔沒多久,特斯拉卻回頭拜託和大,教教旗下供應鏈怎麼做出好齒輪。 原來生產傳統汽柴油車齒輪的同業,是做不好電動車齒輪的。傳統汽油車引擎本身會發出噪音,掩蓋住了齒輪摩擦的聲音,但電動車馬達寂靜無聲,如果用傳統汽油引擎齒輪做法,精密度就會不足,造成噪音問題。 馬斯克也不知道的兩個祕密  解開阿里山下的電動車齒輪的祕密,這祕密連搞創新起家的特斯拉都不知道,而沈國榮卻花了近10年的時間摸索與改進,建立了數據庫。  沈國榮用手比了齒輪的齒內、齒根等部位,他說,「要完全沒有噪音,有時候是這一點精密度要頭髮的三分之一,另一點是頭髮的六分之一,連進刀的時候的速度什麼時候要快,什麼時候要慢,最後一刀要畫在哪裡,都是長久累積的經驗所摸索出來的獨門功夫,這個連特斯拉都不知道。」所以別人做的有噪音,和大做的就是沒有。  還有一個祕密,和大連合金鋼都是中鋼量身訂做的。  時間要回到2002年,當時沈國榮剛剛打入國際大車廠的供應鏈,通用等大車廠指定和大要購買韓國浦項、日本大同特殊鋼、中國上鋼五廠的合金鋼,其他的全部不行。 沈國榮告訴通用,台灣有一個中國鋼鐵公司,做得也相當不錯呀?通用卻說,中國其他的鋼鐵廠都不行,就只有上海鋼鐵五廠可以用。「我說不是,是台灣的中國鋼鐵,通用卻搞不清楚,說台灣哪有中國鋼鐵?」沈國榮說。 最終說服了通用願意派人來台灣評鑑中鋼,沈國榮馬上找了中鋼當時負責研發的技術副總,後來的中鋼董事長鄒若齊。鄒若齊一口答應,願意協助和大開發汽車傳動系統用的特殊合金鋼。 鄒若齊回憶此事,委請他當時的副手、現任中鋼執行副總王錫欽回答。 和大帶中鋼,打進國際供應鏈 王錫欽表示,可以說是和大帶著中鋼打進了國際傳動軸、減速齒輪的供應鏈。「和大沈國榮是跑在前面的人,生產這種鉻鉬合金鋼,對於中鋼來說是一個挑戰,以往中鋼是量產型鋼鐵廠,要變成替和大量身訂作專屬合金鋼,每一爐煉出的合金鋼都是獨一無二,要求沒有雜質、耐疲勞、壽命長,」王錫欽說。 從那時候開始,和大與中鋼合作愈來愈緊密,王錫欽說,雙方進入協同研發的關係,從開發階段就開始合作,甚至針對和大獨門技術來開發鋼材。對於中鋼來說,王錫欽說,「沈國榮是個好客戶,不僅購買量成長,中鋼也因此打入了國際高級鋼材的市場,成為國際大車廠指定購買的鋼廠之一。」 也因此,想取代和大的產品並不是那麼容易,除了精密度,背後還有中鋼這個大靠山。  運用大數據分析改善精密度讓和大牢牢抓住特斯拉,讓沈國榮深信人工智慧產線的重要性,再加上台灣進入了少子化時代、東協崛起減少外勞輸出,兩年前,和大開始了人工智慧、無人化生產線投資。  做起來卻很難,和大傳動軸事業部副總經理孫承志說,和大展開國內外的拜訪行程,從工研院機械所、量測中心到台灣各家大學,國外跑了發那科、西門子、庫卡、ABB、那智等自動化手臂、設備商,每種機器設備都買回來試驗,看看那個最適合和大的需求。 沒有現成的、也沒有模組可以套,完全要靠自己,花了兩年的時間磨索,和大才建立專屬自已的人工智慧產線,呂曜志說,「智慧製造最重要是自己要先收集資料,重點是不管黑貓白貓,能抓老鼠就是好貓,最重要每家工廠自己實用,好用。」 只要四分之一的人力 跟和大中科廠同產品產線相比,中科廠一條產線需要32個人,大埔美的無人產線只要8個人,人力只有原來的四分之一。 和大的智慧工廠,人力只要原來的四分之一。(邱劍英攝) 更重要的是,汽車產業對於瑕疵是零容忍,汽車廠如果發現了一支傳動軸有問題,那麼尚未安裝的傳動軸都要停下來。例如本來要安裝3000支,發現一支有問題,那這3000支要全部重新檢驗或退貨。不僅浪費時間與檢驗成本,更會影響到汽車廠對供應商的信任。 變成了人工智慧生產線之後,沈國榮說,「機器會和機器對話,根據大數據判斷它所看到的,從幾萬筆數據中比對,如果有不吻合,馬上就停下來通知上一段的機器,你有問題了,是否應該校正、檢查,同時通知雲端、手機,馬上派人來了解、解決問題。」所以每一支傳動軸、每一個齒輪都不斷被檢驗、紀錄,確保生產過程沒有問題,即便後來還是發現了問題,也可以透過大數據,回溯這個產品是在什麼時間、什麼條件下被製造,應該如何改善,3000支重新檢驗的事情不會再發生。  生產線沒人,人應該扮演的角色是什麼?孫承志說,現在非常需要大數據分析師,雲端管理、程式設計人員、系統、管理機器手臂的工程師,人工智慧產線取代了傳統勞力,也創造了新的工作機會。  未來,和大在阿里山下預計要設置14條人工智慧生產線,沈國榮預估,到了2025年,全球電動車數量將從現在一年約一百萬輛成長到一千萬輛,電動車慢慢成為新主流,而台灣將靠人工智慧工廠,成為全球最重要的汽車傳動系統零組件的生產基地。(責任編輯:洪家寧) 【延伸閱讀】 上銀科技董事長卓永財:人工智慧勢在必行,學習它就不會被取代 逆境中大膽加碼 台灣安控大廠看到什麼機會? 中國推電動車,為何你家的白鐵門要漲價?"
5088998,美妙家居 如高級訂製服般耀眼貼身,"走進新店一幢簇新大樓門廳,還沒進門,就已傳來歡聲笑語。剛新居喬遷一個月的邱先生一家人,正忙裡忙外招待來客。 順著眼前視線望去,三房兩廳的住家共有70多坪,由邱先生夫婦、邱先生母親,以及一雙女兒同享。不論是蘊藏風生水起好運意涵的玄關、簡約大氣的客廳、還是典藏豐富的書房、凝聚成員的餐廚…很快就可窺出屋主一家的個性—簡約低調,但重視溫馨情感。 最搶眼的,是客廳一長排布織紋收納櫃,偷偷拉開一角,原來家中成員的大衣、外出服、鞋履,全都有條不紊收納於此。一體成形的內凹把手,以及家中成員稱讚有加的伸縮式衣櫃設計,不動聲色贏得全家人的一致好評。  走進屋內,無論是主臥的walk-in衣帽間、特別為84歲阿嬤貼心設計的低把手衣櫃與滑門式床頭櫃,還是兩位正值花樣年華女兒的L型儲物櫃與隱藏式衛浴…每一樣細節,都緊緊貼近使用者需求。而一切從無到有,竟然只發生在短短三個月之間! 這到底是怎麼做到的?答案就是「綠的傢俱」。 原本邱先生一家只是到「綠的傢俱」門市尋找床組,新居還未正式購入。但在門市店長親切的解說中,他們發現「綠的傢俱」儘管售價並不便宜,但擁有他們一家最欣賞的簡約風格;最重要的是,還能提供一站購足的服務,藉由一棒接一棒的團隊服務,量身訂製出最適合全家人的傢俱與空間。 就這樣,在巡梭過許多品牌後,邱先生一家發現「綠的傢俱」最貼近自家需求。解決了千頭萬緒的裝潢事,邱先生才下定決心訂購新屋,放心把設計規劃全權交給「綠的傢俱」。  「綠的傢俱」不是以系統傢俱出名?如何做到「一站購足」? 其實,在累積三十多年經驗後,它不但已在系統傢俱界臻至領導地位,也成立了「理想家室內裝修公司」,只要客戶有需要,就能一手包辦所有傢俱配搭與裝修事宜。   以本次邱先生的經驗來說,「綠的傢俱」為其設立了一個Line通訊群組,把店長、業主、室內設計師、系統傢俱設計師通通拉進來,因此窗口統一,交流即時,絕對不會發生溝通不良的狀況,並在隨時修正中,做到最貼合客戶需求的細膩訂製。 最特別的是,根據屋主需求,「綠的傢俱」設計團隊在為客戶規劃時,便會免費提供擬真度達到95%的3D模擬圖,設計與現場實況幾乎沒有落差。 也由於量身訂製的程度做得徹底,3D模擬設計時便清楚算出門片、板材用量,電腦精確估出價格(全省統一售價),一方面增加製作效率,同時也減少預算追加,價格與品質不會反覆,讓客戶全然放心。 而「綠的傢俱」在材質與環保訴求上特別用心,更是讓一家人讚不絕口。除採用F1國際最高規格的歐洲進口板材,具有環保低(微)甲醛特點;還具有潛在優勢,就是日後搬家仍可將系統傢俱拆遷,再度使用,完美達到環保再生的理想目標。  圍坐在邱先生一家人最常聚集的廚房長桌邊,簡約但充滿設計感的吊燈,流洩出溫暖光暈,把每個人臉上的笑容,映照得特別明燦。 邱太太有感而發回顧,大費周章搬新家,就是為了給家人更優質的生活環境。搬新家之前,生活空間比較狹小,因此一家人的作息很容易互相干擾。 但是這個新家,設計得兼具功能與美感,非常符合他們低調卻又重視質感的需求;而且最重要的是,貼合三代不同作息與生活需求,細膩而貼心的規劃,為他們創造了更美好的生活,無形中也讓家人的情感更親密。 原來,這就是美好家居與設計的秘密!宛如高級訂製服的講究與細緻,創造了使用者最深刻真切的幸福感受。"
5088999,「想她的時候，就看海吧」　另類葬禮讓我們好好說再見,"「媽,妳好好走!」距離八里碼頭6公里處的海域,船舶劃破海洋的聲音,仍掩蓋不了哽咽的道別聲。有一群人,在海上和已逝的摯愛說再見。 正逢漲潮之際,今年第一場台北市聯合海葬啟動。30個家庭搭著船,將親人的骨灰,連同花瓣灑向海洋。 家人口中呢喃著祝福,將裝著骨灰的安息盒輕輕放入海洋,讓摯愛安息於大海。(王建棟攝) 「思念她的時候,看海就好了,」70歲的林明德(化名)捧著太太的骨灰說。他和太太出身漁村,對海有著一份眷戀;日後,他和各奔東西的兒孫要掃墓,也不用大老遠跑到特定墓地或塔位,海洋就是思念的延續。 「未來我也會如此(海葬),」他不避談自己的身後事,這個想法也早已和身旁的兒孫溝通,「與其讓晚輩擔心,不如自己規劃更好。」       台北市聯合海葬 天下雜誌(@commonwealth_magazine)分享的貼文 於 PDT 2018 年 3月 月 30 日 1:19 上午 張貼    替自己規劃一場葬禮吧! 當死亡是人生列車的終點站,想像並規劃自己的葬禮,成了重要功課。這也讓具個性化的「另類葬禮」因應而生。 不只海葬,台灣還有樹葬、花葬,可供選擇。「不只能節省土地資源,也能省錢,」台北市殯葬管理處副處長施淑梨說著這類環保葬的好處。 台灣人對這類「環保葬」的接受度也愈來愈高。根據內政部統計,2016年全台環保葬人數已達6774人。雖然這個數字僅佔當年整體死亡人數的3.9%,但和12年前相比,已成長30倍。(見表)     但並非每個縣市的民眾,都能得到多元的殯葬服務。光以海葬為例,目前僅台北市、新北市、桃園市、台中市及高雄市有此服務。家住宜蘭漁村的林小姐,就得特地將媽媽的骨灰帶到台北參加海葬。 政府或殯葬業者應回應民眾的需求。尤其,今年2月,台灣正式邁入「多死社會」——當月的死亡人數為1.4萬人,首次超越出生人數1.3萬;每個家庭人數也愈來愈少,「節葬」、「簡葬」、「回歸自然」成了趨勢。  但環保葬和台灣民間「入土為安」或講究排場的觀念相佐,有些家屬無法承受親友的閒言閒語,因而捨棄逝者選擇的環保葬,其實是很可惜的事。  為了讓殯葬自主,台北市從2016年起,推動「生前預立環保葬意願書」,民眾可事先簽訂意願書、和家人溝通;一旦離世,殯儀館則會提醒家屬尊重逝者意願。目前已有近600人簽訂。 科技加入,讓骨灰有了新生命 另類告別式也是世界潮流,甚至結合科技,成了商機。 2016年,曾在知名募資網站Kickstarter刮起炫風的西班牙新創公司Bios Urn就是一例。 乍看下,他們的產品只是個盆栽,但特別的是,盆栽內埋著骨灰、土壤和種子。種子的種類也多元,有楓樹、橡樹等,民眾可選擇喜愛的植物。這個盆栽還很「智慧」,能和手機app連結,讓家人時刻監測它的溫度、濕度和生長狀況。       Bios urn planting ceremony with family. So beautiful. #biosurn #biodegradableurn #plantingceremony #biourn #lifeafterlife #tree #redmaple #returntonature #memorial #ecofriendly #ecoburial #garden #family #life #death Bios Urn(@biosurn)分享的貼文 於 PST 2018 年 3月 月 9 日 9:22 上午 張貼    他們的理念很簡單:想讓一個生命的結束,轉化成另一個生命的開始。這個過程,還能讓生者和逝者持續保有連結,「你能實際做些什麼、創造些什麼,」家住加州的蘇珊向Bios Urn團隊說,「你還能看著它,回憶起你的摯愛。」目前全球已有超過6萬人購買。 當全球都在正視「死」,如何好好告別,成了你我該做的準備。(責任編輯:黃韵庭)"
5089000,厭世，是一種抵抗，想要證明這個世界不該是這樣,"老實說,這次的封面故事,大概就是在講自己。因為我也是千禧世代。 其實知道這封面絕對有侷限,因為是跨越二十年的議題,每個人都不一樣,自己也不想幫這整個世代代言,或是貼上任何標籤。 但也因為做了題目,才發現,原來從小到大不斷被說是草莓族、自戀、自我感覺良好的我們,早就成為職場上重要的勞動力。數據顯示,2016年,台灣勞動力市場有將近一半是40歲以下的勞動力,也才知道,原來我們正在顛覆這個世代的消費、乃至於生活型態。 原來我們是這樣長大的  這個封面不想只講顯而易見的特質,而是希望更深入地去探討「為什麼」,為什麼我們會成長為這樣的一個世代。採訪過程中,我最想問的是,看似享有各種資源與進步的這群人,為什麼成為終生收入最低的一代。  九〇年出生的我,似乎踩在兩個世代的夾縫中,努力掙扎。我們史無前例受過最好教育、享受了民主自由。網路科技形塑我們成為史上最精熟社群媒體與科技的世代。我們一出社會就被迫進入全球化進程最快速的世界。 全世界都是這樣,貧富差距擴大、低薪、高失業率,平均大學生起薪是兩萬三,但是台北平均消費支出甚至超過,根本無法存錢,還有兩成左右的學生在還學貸,公立、私立的比例差很多,房地產,居住不正義也是造成年輕世代間貧富差距的原因,斜槓青年的出現,正是因為正職無法讓他好好生活。 職場也處處碰壁。當老闆與員工互相埋怨,沒有辦法解決問題。 所以我們決定獨家專訪暢銷作家西奈克,他分析「千禧世代在職場上為何難搞」的演講影片有超過1.5億人觀看。 就算只是視訊,我都可以感受到西奈克的氣勢 光想到要採訪這樣的大咖,還是全英文,整個手腳冰冷發抖,就算只是視訊,都可以感受到他的氣勢,準備好的問題也因為必須很專注看著他的眼神,而沒有辦法看筆記,文法亂了套,結巴了很多次,但就算緊張,還是很自然地會被他的眼神與手勢給吸引。 他談起年輕人對科技成癮,激動地拍桌,希望年輕人要找回自己的人性,找回和人相處的方式。 他談起每個世代的人都想要有影響力,只是千禧世代發聲的管道多了,可以用的工具與資源更多,也不再是像以前努力追求經濟的價值觀。所以企業不該只是談數字、數字、數字,要想辦法留住人才,就是要讓年輕人願意相信公司的願景跟計畫,甚至讓年輕人學著領導與溝通。 年輕人沒錢,為什麼有錢出國? 企業與品牌常常忽略,因為追求影響力與實質改變,這群年輕人其實是可以改變職場與消費行為。  封面裡採訪的每個團隊,都有自己想改變的事,都有自己看到的危機,從居住、婚姻家庭、教育、台灣認同都是。「千禧世代都已經存在二十年,品牌跟企業還說不懂這些人,說這些人不懂事,到底是誰比較不懂事?」東吳大學社會系教授劉維公受訪時很激動。  我心有戚戚焉,因為這些團隊的興起,反映出長期被台灣社會、「大人們」忽略的議題與權益。 年輕人沒錢,為什麼有錢出國,是因為體驗的成本變低,加上這世界太不穩定,努力也不會有回報,上一代需要穩定的資產或是銀行帳戶,但這個時代銀行利率這麼低,未來也不穩定,投資自己,有帶得走的經驗反而更重要,我們只好把錢花在自己覺得有價值的事物上。 自己也是這樣,念了很久的書,出了社會,自我期待很高,但後來才發現社會的運作不是自己想像的那樣,一、兩年如果沒看到自己的成長,焦慮感特別強烈,怕自己被淘汰,很容易失去方向而惶惶然。 那種失落與對自己失望的感覺,塑造了「厭世」。 採訪下來,看到很多年輕人很努力地生活,努力地還債,可是他們沒有社會結構或過往的經濟結構支撐,就連英國學者格倫做的研究也殘酷地顯示,台灣跟英國一樣,這是再努力也沒有回報的時代。 當困境已經被談了太多,當困獸之鬥沒有任何作用,厭世,其實更多時候是一種抵抗,想要證明,這個世界不該是這樣,身邊好多朋友這麼說。 如果這樣的問題意識可以幫助兩代之間找到破口,真心希望這封面能起到一點這樣的作用,那就好了。 【延伸閱讀】 網紅拍阿嬤、教英文,也能吸引百萬粉絲 300塊活3週?台灣青年收入終生低於上個世代! 低薪+貧窮,台灣年輕人只肯為這件事花錢 有壓迫就反抗!這代年輕人為何憤怒? 七、八年級生最常見的離職原因,竟然是……? 西奈克:年輕人最恨的,是光說不練的老闆 ●更多內容,請見天下雜誌644期《千禧世代 接管世界》"
5089001,你到底是誰？從５大特質了解真實的你,"你知道你其實不可能舔到自己的手肘外側嗎?而且,雖然聽起來或許很奇怪,但你知道嗎?你回應這個資訊的方式,可能提供了一條跟你先天穩定特質有關的線索,而那正是塑造你人格的基礎。 儘管我們依人的特質為基礎,以此來區分人的方式高達數千種,但人格心理學家已達成共識,認為人們在五大基本面向上構成彼此的差異。這五大特質對於我們如何展現生命,帶來必然的重大影響。 五大面向的各英文字首可以拼成「海洋」〔OCEAN, 或者你喜歡拼成「獨木舟」(CANOE)也無妨﹞: 一、經驗開放性(Open to Experience,相對於經驗封閉) 二、嚴謹自律性(Conscientious,相對於隨心所欲) 三、外向性(Extraverted,相對於內向) 四、親和性(Agreeable,相對於難相處) 五、神經質(Neurotic,相對於情緒穩定) 五大人格特質量表 編按:布萊恩．李托在書中提供了一個簡易量表,將可引導你進行自我評量,快速評估你的人格特質,量表內容如下。 請在下列每項敘述旁記下一個數字(以1~5來表示),代表你同意或不同意該敘述的程度。 ▎我是這樣的人…… __ 1. 傾向安靜。 __ 2. 富有同情心,心腸柔軟。 __ 3. 容易雜亂無章。 __ 4. 多慮。 __ 5. 醉心於藝術、音樂或文學。 __ 6. 主導一切,擔任領袖。 __ 7. 有時對他人粗魯無禮。 __ 8. 難以開始執行任務。 __ 9. 容易感到沮喪憂慮。 __ 10. 對抽象概念興趣缺缺。 __ 11. 精力充沛。 __ 12. 想到人們最好的一面。 __ 13. 可靠,可以永遠被倚賴。 __ 14. 情緒穩定,不易心煩意亂。 __ 15. 有創意,想出新點子。  評分方式: 開放性:第5題加上第15題,減去第10題。7分以上相對高;3分以下相對低。 嚴謹自律性:第13題減去第3題及第8題。1分以上相對高;-3分以下相對低。 外向性:第6題加上第11題,減去第1題。6分以上相對高;2分以下相對低。 親和性:第2題加上第12題,減去第7題。8分以上相對高;4分以下相對低。 神經質:第4題加上第9題,減去第13題。5分以上相對高;1分以下相對低。 編按:依評分方式加總分數後,將可知道你在五大特質裡偏向哪種向度。 這些特質當中的每一項,都具有堅實的生物基礎,人格神經科學的研究專家現在正在確認這些特質背後的神經結構與路徑。因為同樣的人格面向確實出現在所有國家、文化及語言族群,可被視為放諸四海皆準。然而這並不表示所有人類都是一模一樣,絕非如此。 更準確地說,這是表示無論我們到何處,人們彼此之間都會在這些面向顯現差異。再者,這五大特質並沒有嚴格的界線;人們是在一個頻譜上對應每項特質,多數人匯集在中央區段,少數人則出現在極端。以下簡介每項特質。 經驗開放性 在經驗開放性得高分者,容易受到新奇冒險所吸引,並樂意探索各種做事的方式。而經驗開放性得分低者則偏好行之有效的方案,而且不同於心態較開放的朋友,  所以你剛剛是否嘗試去舔自己的手肘?我猜,如果你是樂於擁抱新經驗的人,應該已經試過了。而如果你較沒有開放性,就比較可能不為所動,只是繼續讀下去。 嚴謹自律性 在嚴謹自律性獲得高分者特別可能達到傳統定義的成功。與較不嚴謹自律的人相比,他們的學業成績及職場成就表現較佳。但應當注意的是,這些成功最常出現在著重以傳統方式解決問題的課程與職業。高度嚴謹自律者守時且堅持不懈;他們可以心無旁鶩地專注在眼前的活動。 那麼他們對於舔手肘這項含蓄的邀約會作何回應?當我在團體中請大家跟著做動作,嚴謹自律的人比較不可能真的去舔。但我想他們會以猛抄筆記代替舔手肘,回家以後再一探究竟。 外向性 外向的人對周遭環境潛在的獎賞非常敏感。他們很快就會發現自己迫切需要正面的刺激並朝其邁進,以便有效率地完成他們的日常任務與計劃。 對外向者來說,最刺激的情況之一是社交互動,他們樂於參加這類場合。不過內向者可以感到安慰的是,在各式各樣的任務表現上,其實都存在著質與量之間的權衡取捨:外向者選擇重量不重質,內向者則反之。說到舔手肘的問題,我強烈懷疑外向的讀者已經嘗試去舔自己的手肘,他們甚至可能也已成功舔到鄰座的手肘。 親和性 很有親和力的人在以人為取向的測量上獲得高分,這跟同理、利他,以及傳達溫暖與表情豐富的互動風格相關。他們也會留意其他人的表情線索,因此他們具備感同身受的能力。 那麼親和性與舔手肘有何關聯?高度親和的人是,嗯,很親和的,所以他們可能會同意一起玩。而那些在親和性得分極低者,就可能不會玩。他們可能乾脆都不讀這本書了,然後走到外面對鄰居的小孩大吼大叫。 神經質 神經質這個名詞帶有貶抑的調調,在五大特質量表中的神經質這項獲得高分的人有焦慮、憂鬱及脆弱的傾向,但他們只是經歷到干擾生活品質的負面情緒而已。正如外向者在探索周遭環境時,趨於尋求潛在的獎賞,神經質者則是敏銳辨識潛在的懲罰。 毫不令人意外的是,當我們觀察五大特質中的哪一項最能預測一個人是否快樂,情緒穩定的外向者是最快樂的,而神經質的內向者則最不快樂。 神經質是否有任何正面之處?在某些方面,神經質的人是高度敏感的人,就像礦坑裡的金絲雀,可以偵測到較不敏感的人無法察覺的事物,包括環境中的改變、慣例中的擾亂,以及突如其來的危險味道,作家、藝術家及其他對生活有敏銳觀察的人,通常會被發現具有神經質傾向。 如果你是神經質的人,可能你已為舔手肘的問題煩惱焦慮了一段時間,憂心自己再度被誤以為沒有應付小挑戰的能力。 本文摘自天下雜誌出版《你到底是誰》"
5089002,兩人走不下去不是因為沒有了愛，而是這個原因,"凱利和新婚丈夫亞歷克斯走出卡爾加里機場,準備驅車前往酒店。在車上她的丈夫不經意提到,蜜月結束回到家之後,他需要找一個刑事辯護律師。 亞歷克斯解釋說,朋友為他舉辦單身派對的那晚,他和幾位朋友在鎮上唯一的酒吧裡,與當地人因為酒醉起了衝突。突然間,某個人揮拳,事情就這麼爆發了。 他和4位親友在監獄度過了一夜,其他人則是被送到拘留室。亞歷克斯堅稱,自己只是看到朋友被拉進警車而出手阻止,沒想到卻因此被冠上罪名。 亞歷克斯的伴郎不得不向當晚參加單身派對的朋友收集提款卡,以便在周六早上籌到足夠現金,在婚禮前為他保釋出獄。 和亞歷克斯同間牢房的獄友被控謀殺未遂,但他堅稱是正當的自我防衛。 「他不停地解釋說自己是被核桃木開關撞倒,」亞歷克斯說,「我花了10分鐘才弄清楚他的意思。」他似乎愈說愈興奮,凱莉開始覺得他可能是在開玩笑。 「你是認真的嗎?」凱莉問說。 「是啊,」他說,然後驚訝地轉向我,「你覺得不安嗎?」 「沒錯!我覺得失望透頂。」 「為什麼?我得付罰金,但這又不是世界末日。」 「你差一點就得留在維吉尼亞服刑!」 「不大可能。」 「你之前為什麼沒有告訴我?」 「好吧,如果法官不批准保釋,我就可能沒有辦法參加婚禮。但是在婚禮之前,我們不希望讓你擔心。」 「我們?我們是誰?」 「就是婚禮上的其他人,除了你之外的每一個人。」 突然之間,一切都變得合理。凱莉哥哥的黑眼圈(他推說是自己不小心撞到了門);凱莉弟弟脖子上的瘀傷(他懶得編造藉口);婚禮當天,凱莉妹妹要她繞遠路走路到髮廊,而不是選擇會經過法院的較短路線⋯⋯原來大家都知道,只有凱莉被蒙在鼓裡。 凱莉覺得無可忍,「我們的婚姻竟然是建立在謊言之上!」她忍不住哭了起來。 當然,這不是謊言。不是的,她只是沒有被告知所有的訊息。這是很重要的區別。 那時凱莉還未成為安寧醫療中心的牧師,這份工作大部分時候是在傾聽臨終病人吐露自己的人生祕密和啟發。如果當時她已經是牧師,自然會明白,結婚時她和亞歷克斯都不知道對方的所有「底細」。 你願意承諾一輩子守護的另一半,對你來說其實是個謎。直到你走到生命盡頭,你的枕邊人依然有太多你所不知的祕密。凱利擔任牧師之後,至少有一半的臨終病人曾告訴她,他們的丈夫並非是孩子的親生父親,但他們從未告訴過任何人,包括他們的另一半和孩子。 這世界充滿奧祕與未知,但是當你學習得愈多,就必定會想知道得更多。即便你清楚,不可能有窮盡的一天,但你不會放棄求知的慾望。 愛情又何嘗不是?人們之所以墜入愛河,不正是這個原因?你總是想知道更多關於對方的訊息,每解開一道謎題,便抑制不住驚喜;同時也因此意識到,你永遠無法得知對方所有的一切。 保有祕密不會扼殺婚姻,真正敲響婚姻喪鐘的是失去了想要更了解另一半的慾望。 凱利的婚姻不是基於謊言。在她結婚的當天,她無法了解有關亞歷克斯的一切,而亞歷克斯也不可能知道關於凱利的一切。兩人也都無法確知未來會如何。 既然知道未來不可知,而另一半是永遠無法理解的謎團,為何還是要選擇跳入婚姻? 「因為我相信,在對方神祕的內心深處仍存在著一份良善,希望這份良善能夠足以維繫兩人,共同面對未來人生的難題。」凱莉說。只是,有時成功,有時失敗。 (資料來源:The New York Times)"
5089003,比你想得還要糟！睡不飽的15種嚴重後果,"身體需要睡眠進行修補,如果睡眠不足,你的身體便會加倍奉還。根據美國疾病管制與預防中心的統計,三分之一的美國人每晚睡眠時間少於7小時,睡眠不足的問題也導致許多公共衛生問題,導致發生車禍、醫療疏失和工業事故的機率增加,也會引發許多慢性疾病。此外,睡眠不足使得美國經濟每年的損失高達4,110億美元的生產力。 究竟睡不飽會產生哪些身體疾病? 1.情緒容易反應過度 當我們感到疲倦的時候,就會覺得自己沒有足夠的能力應付生活上的大小事情。睡太少會影響我們的情緒控制和調節能力,也無法在行動之前靜下心來好好思考。 這些關乎情緒掌控與思考的高層次功能,是由大腦的前額葉皮層負責,一旦休息不足,這些功能便會減弱。美國亞利桑納大學精神病學、心理學和醫學影像學教授基爾戈爾(William Killgore)博士表示,只要有一個晚上沒睡好,大腦的情緒中樞功能便會受到影響:你很容易反應過度,感到沮喪、受傷和過度敏感,或是感到焦慮和不安。睡眠不足時,大腦內的管焦慮、急躁、驚嚇及恐懼等負面情緒杏仁核(Amygdala)會變得活躍。 此外,根據基爾戈爾的研究發現,睡眠不足的受試者,無法準確辨認快樂和悲傷的面孔,卻能辨別與「生存」有關的情緒,例如恐懼,憤怒或厭惡。這就是為什麼當你感到疲累的時候,和其他人的互動往往會成為災難,因為這時候你的大腦只會往負面去想。 「在我們的研究中,如果連續兩晚不睡覺,憂鬱和偏執的症狀便會顯著惡化。」所以,時間到了就趕快熄燈吧,睡個好覺,第二天醒來時將會是一個更冷靜、更聰明的你。 2.判斷力降低 當你感到筋疲力竭,便無法意識到周圍環境的細微變化,判斷力也會隨之降低,就像喝醉酒一樣。 不妨看看以下的統計數字(以體重64公斤的女性而言): ◎如果從早上6點到午夜12點都沒睡覺(18小時),就等同於在一小時內喝下2杯酒。(血液酒精含量為0.05%)。 ◎如果一整晚都沒睡覺,就等同於在兩小時內喝下4杯酒(血液酒精含量為0.10%)。 3.注意力不集中 清醒的時間越長,大腦內的「腺苷」(adenosine)化學物質就會增多,讓你感覺昏昏欲睡。如果不暫時打盹一下,大腦就會變得不靈光,注意力無法集中。 4.容易得阿茲海默症 當你睡覺時,大腦會清除諸如β-類澱粉蛋白等廢棄物。如果睡眠時間太少,導致代謝不足,β-類澱粉蛋白便會逐漸累積,最終黏合成阿茲海默毒素,提高罹患阿茲海默症的風險。 5.眼睛變得乾澀 用眼時間越長,第二天眼睛就越會變得乾燥。 6.心血管疾病風險增加50% 相較於睡滿7小時的人,如果每晚睡眠時間少於5小時,血管硬化、形成動脈斑塊的可能性增加50%,罹患心血管疾病的風險也會增加50%。 7.眼皮下垂、眼睛浮腫 睡眠不足的人眼皮容易下垂、眼睛浮腫、黑眼圈、膚色蒼白,而且容易因此認為自己沒有吸引力、不夠健康、情緒低落。 8.妨礙肌肉的生長 睡眠太少會導致大腦釋放損害肌肉生長的激素,在運動或受傷之後很難快速恢復。 9.容易罹患乳癌 沒有充分睡眠將會增加罹患乳癌的風險,女性停經之後如果睡眠不足,容易被診斷出惡性腫瘤。 10.腸胃發炎 睡眠中斷將會導致免疫細胞分泌發言物質,引發克隆氏症(發炎性腸道疾病)以及潰瘍性大腸炎。 11.可能引發腎功能衰竭 如果你每晚的睡眠低於7小時,每少睡一小時,罹患第二型糖尿病(病患體內的細胞對於胰島素的反應變差,,身體無法吸收以及利用糖份)的機率將會增加9%。第二型糖尿病患者當中,有10%~40%的人會引發腎功能衰竭。 12.增加罹患結腸癌的機率 如果每晚睡眠時間低於6小時,比起正常睡眠的人,罹患良性腫瘤的風險幾乎高出50%。在大多數情況下,這些腫瘤是罹患結腸癌的預兆。 13.免疫系統受到破壞 研究人員讓健康的人暴露在感冒病毒下,結果發現每晚睡眠時間少於6小時的人,比那些長期睡眠7小時以上的人,流鼻水和打噴嚏的機率增加4倍。 14.引發肥胖 睡眠不足之所以會導致體重增加和肥胖,其中一個可能的原因是:睡眠不足會影響瘦體素的分泌,導致食慾增加,吃得更多。 15.皮膚出現細紋 睡眠不足5小時的人,皮膚容易出現細紋、下垂和黑斑。睡眠不足也會加劇諸如濕疹和牛皮癬等疾病症狀。在夜間,這些疾病所產生的瘙癢感又會擾亂睡眠,導致惡性循環。 (資料來源:Oprah Magazine)"
5089005,最不宅最不啃老，這裡憑什麼青年失業率最低？,"「找工作找到後來,越來越沒有自信,」今年24歲的陳巳琳,從台東大學資工系畢業後就開始找工作。然而,轉眼8個月過去,始終沒有找到合適的工程師職位,生性樂觀的他逐漸失去信心。 兩年前,陳巳琳是全台近21萬名失業青年中的一員。 第一次求職,189天才找得到工作 因為長期以來,台灣的就業環境越來越不利於初次求職者。根據主計處統計,2006年初次尋職者佔全體失業者比例不到20%,在2016年竄升到近1/4,平均失業週數更從23週攀升至27週,相較具工作經驗者的空檔為24週半,顯示第一次找工作者的待業時間不斷拉長。如何幫助初次尋職者就業,已是刻不容緩的議題。 為了促進年輕人就業,新北市4年半前推出青年初次尋職就業計劃,自2013年9月至上個月底,已幫助2千1百多人找到工作,成功就業比例超過6成,其中不乏因長期失業而放棄找工作的「怯志者」。去年,新北市在25至29歲青年的失業率從6.2%降至5.8%,相較於全國平均約6.6%,達到最低。 事實上,對於初入職場的年輕人,待業時間長短會影響他對未來的信心。 文化大學勞工關係學系教授李健鴻表示,超過一年仍找不到工作的長期失業者,容易成為放棄尋職的「怯志者」,對國家的人力資源發展相當不利。一手推動初次尋職就業計劃的新北市前勞工局局長謝政達強調,第一份工作是年輕人面對職涯、首次在社會立足的轉捩點,如果求職不順,更容易喪失自信。  為了縮短青年的待業期,新北市設定失業時間超過6個月即符合計劃資格,「我們不希望將時間拉太長,等他們變成怯志者後,才被發掘出來,」新北市勞工局就業服務處處長林澤州說。經過職涯評估、加入計畫者,每個月需參與3次以上的輔導,同時可獲每月5千元的尋職津貼。  「那時真的沒辦法了,才會接受我媽的建議,」想起決定前往就業服務站的心情,陳巳琳說他畢業後連續失業8個月後,到三重就業服務站諮詢,才知道自己符合初次尋職就業計劃中18至29歲、失業6個月以上條件。 「如果還是不行,我可能就會開始亂找了,」陳巳琳當時盤算,如果求職持續不順,就應徵如洗碗工等臨時工作,「總不能一直沒工作吧,」他笑笑。 就業服務站真的可以幫忙嗎? 然而,陳巳琳在就業服務站找到的,不只是工作。 因為初次求職的新鮮人,往往是千頭萬緒、毫無方向。在新北市協助青年尋職的職涯諮商師呂亮震歸納,青年求職卡關主要是因為內在動力不足、對職場瞭解不夠、不了解如何求職,或是缺乏社會支持,要幫助他們,唯有了解他當下在哪個狀態、需要什麼,才能對症下藥。 一開始信心不足的陳巳琳,透過和就業服務員、職涯諮商師會談,了解自己具備的工作能力。他曾在學校幫忙資料輸入和處理,透過會談才發現可以在履歷上列上文書處理能力,「開始了解有哪些工作能力是企業需要的。」透過諮商師的案例分享,陳巳琳才敢把學過、但尚未精通的程式語言列在履歷表上,「當知道有些人只是在學校學過,還是可以被錄取,就會比較有信心。」  除了透過尋職計劃的課程和企業參訪了解產業,還有整合式、不斷重新聚焦需求的服務方式,都讓尋職者對未來的方向更清楚。陳巳琳表示,每次會談完,都會填一次需求問卷,重新確認想要的課程或活動,讓他覺得整體服務相當受用,此外,「從頭到尾都是同一個就服員,彼此熟悉,比較知道我的需求。」 一條龍式的服務整合和需求分流,背後需要跨部門整合和借助專業。文化大學勞工關係學系教授李健鴻表示,新北市整合過去散落在不同窗口的諮詢、訓練和企業媒合服務。提供針對個人的「全人」型服務,需要對個案狀態的高度掌握。呂亮震認為關鍵在導入近4年研發的職涯測評量表,讓就業服務員可以快速掌握對方的求職狀態,根據需求做分流、對症下藥。 把「怯志青年」拉出家門 事實上,最大的創新來自於勞工局主動出擊,透過資料比對,從家中拉出失業、甚至已經放棄尋職的怯志青年。 林澤州表示,青年初次尋職計畫和非典型轉正職計畫,有8成來自業務單位主動開發。除了蒐集校園徵才博覽會的求職名單,也會比對畢業生名冊、兵役和勞保資料,畢業、當完兵者若沒有勞保資料,便會主動致電了解就業情形,透過這種方式,甚至找到在家兩年半都沒有工作的人,並成功協助穩定就業。 對於正準備踏入職場的年輕人,需要的是引發動力的誘因和鼓勵。林澤州表示,儘管最多可領到4次津貼,但初次尋職計畫有6成的參與者在第3個月就找到工作,持續就業者也有6成。隨著知名度打開,以往每年800多人的案量,今年可望破千,以幫助更多青年走出家門。 儘管計畫逐漸顯見成效,激勵部分青年採取行動,學者仍認為政策效果有待進一步評估。台灣大學國家發展研究所副教授辛炳隆指出,因為影響失業的因素很多,一年800多到1000人的案量,扣掉未成功就業者,是否能降低全市青年失業率仍有待觀察。  就個體效果的層面來看,「在沒有津貼和輔導的狀況下,同樣一個人可能還是會就業」,辛炳隆說,可拉長觀察時間或增加如薪資、待遇等評估指標,參與者若比未參與者表現更好,較能確認計畫的效果。  但對於長期失業、瀕臨喪失自信的人,機會就像茫茫大海中的浮木,每救起一個對家庭來說就是百分百成功。 「如果找工作是一場比賽,那就業服務站就是練功場,」去年6月1日就職、目前在電腦公司擔任初級工程師的陳巳琳,現在已開始協助公司培訓新進人員。脫離了練功場的他,在另一個階段的挑戰賽中,持續前進。"
5089007,「通靈少女」劉柏君：「沒想到窮人也可以上富比士」，入榜體壇最具影響力女性,"25名入圍者為年齡24至63歲、來自19個國家、6個運動領域的女性,有運動組織領導人、一線運動員也有女性運動的幕後推手,今年有3位華人,除了劉柏君,還有Nike副總裁暨大中華區總經理董煒及新民晚報體育記者華心怡。劉柏君開自己玩笑說,「沒想到窮人也可以上富比士。」去年她赴美參與國務院的全球運動導師計畫,美國國務院、實習的NHL(美國冰球聯盟)等的友人紛紛恭賀她。 富比士雜誌依據個人或公司來自體育的總收入、媒體曝光度、影響範圍及在運動領域的社會影響力來評分。第一名是FIFA(國際足球總會)首位女性秘書長、塞內加爾籍的薩穆拉。 劉柏君去年在全球運動導師計畫提出以鼓勵參與運動的方式,拯救在社會邊緣的青少年、拉小媽媽們一把,她還在努力。她表示,因為在勵馨基金會工作,接觸非常多這樣的案例,「與其花大筆經費在他們『掉下去』以後去救,不如現在就接觸。」 她說,不管是桌球、空手道、花式籃球社,體育的師徒關係可以讓青少年找到家的感覺,運動可紓解壓力、培養對挫折的忍耐、減少憂鬱。她也希望運動社團備有托兒、托嬰服務,讓16、17歲的小媽媽安心參與。美方願意負擔經費,但交通便利、能配合的場地難覓,很希望能獲得台北市、新北市運動中心的公益時段。(聯合報 記者雷光涵) 【延伸閱讀】 《通靈少女》如何推台劇「南進」?"
5089008,買房好，還是租屋好？,"決定是否買房得考量許多因素,例如你目前的現金流、當地市場、打算住多久、利率等。不過,需要考量的可不是只有財務因素,思考擁有房子對生活的影響,也同樣重要。 到底要繼續租屋,還是下定決心買房子,有幾個基本問題應該要認真想過,底下是要考量的幾個因素: 1、你的每月預算 第一步就是判斷你每個月有能力支出多少錢。 首先,計算你每個月的收入,接著再思考你的基本開銷,例如食物、交通費用等。 大致而言,無論是租屋還是買房,都應該將住房花費保持在每月收入的28-30%。Fort Pitt Capital Group的財務規劃師安格(Bill Engel)表示,表示,「不要超出自己的能力負擔,而且要準備一筆備用現金。」 2、財務衝擊 建議計算簡單的房價/租金比,協助你決定是否要買房。  將房價除以類似住屋的年租金,若計算結果低於20,買房可能就是比較好的選擇。  除了房價之外,利率也是重要考慮因素。Trulia的資深經濟學家楊恩(Cheryl Young)表示,「房貸利率極低之時,會大大提升你的購買力;目前利率已開始走高,情況也稍有改變。」 決定是租屋還是買房之時,還有其他應當考量的因素。例如,你打算在這個地區住多久?通常而言,住得愈久,買房在財務上就愈合理。 有些線上計算器可以告訴你,你得在一座城市住多久,買房才會比較省錢。記得使用考量了保險、維護費用、房價上揚、售屋成本的計算器。這些數據雖然都只是假設,但還是有助提供更精準的財務概觀。 不過,買房也是種投資,而且有機會成為累積財富的重要元素。每繳一筆房貸,就代表你又多擁有了一點你的房子,賣出房子之後,你也可以取回金錢(賣價高於買價當然好,但也不一定如此)。 「每月繳出的房貸,有一部分其實是在投資,而且是投資於長期而言會升值的東西;這非常重要,」經濟學家歐森(Skylar Olsen)表示。 3、機會成本 買房得在初期負擔較多成本,包括頭期款和其他相關費用。租屋的初期成本,通常是約合1-2個月房租的押金。擁有房屋也得負擔更多經常性成本,例如不動產稅、保險、維護費用等。 如果選擇租屋,你就可以把省下來的錢投資股市,投資的報酬也確實有可能高於房價升幅。「買房需要投入許多金錢,也就無法把這些錢用來投資股市,」Realtor.com的資深經濟學家克許納(Joe Kirchner)表示。 4、你的生活型態 擁有房屋,代表你得處理漏水、馬桶不通等問題。有些人就是不想承擔這些責任;租屋者只要拿起電話打給房東即可,而且房東通常會負擔一些其他的費用。 此外,也別忘了考量你的收入來源。如果你的收入並不穩定,或是工作不是很有保障,暫時先別買房或許是比較合理的選擇。租屋者隨時可以打包搬家,以減少支出或是去別的城市工作。 資料來源:CNNMoney、Quartz、Forbes"
5089009,史丹佛教授：你做的事　正在阻礙孩子成功,"大部分父母都希望孩子能走向功成名就的人生,所以大人們開始教導孩子達成目標該有的態度。但史丹佛心理學教授艾瑪‧賽佩拉 (Emma Seppälä)發現,很多既有的觀念都是錯的,甚至可能適得其反。 或者這麼說吧,父母們告訴孩子的某些話,可能為他們帶來短暫的成功,但卻無法持久。 賽佩拉整理出一些父母常對孩子說的話,並說明如果父母要的,不只是孩子短暫的成就,而是要成功的人生,應該如何換個方式說。 父母這麼說:專注於未來,專注在獎勵上 父母其實應該這麼說:活在當下 (把當下的事做好) 人很難百分之百的專注,研究顯示,我們醒著的時候,有50%的時間思緒會亂飄,思緒飄移的時候,我們通常是在回想過去或是擔心未來,接著會產生憤怒、懊悔和壓力等情緒。 如果一再讓心思專注於未來,包含「我要得到好成績」、「我要申請上好大學」,反而會帶來焦慮和懼怕。雖然微量的壓力可以激勵人心,但長時間處在壓力之下就會影響健康以及我們的智力能力。 因此,當孩子那麼的專注於未來,事實上會削弱他的表現。 懂得活在當下的孩子,會有更好的表現,也會更開心,而開心這件事可以加速他們的學習、讓他們更有創造力,也可以更輕易的解決問題。 研究甚至顯示,快樂還能讓你的生產力提升12%。正面情緒也會讓你更有抗壓性,幫助你更快克服挑戰。 要讓孩子有目標、放眼未來,當然很好。但與其鼓勵他們聚焦於接下來要幹嘛,不如幫助他們專注於手邊和眼下的人事物。 父母這麼說:壓力是不可避免的,持續敦促自己!  父母其實應該這麼說:壓力大的時候,先放鬆一下 身為大人,我們經常告訴孩子,要成功,壓力是不可避免的。大人也會為自己補充咖啡因,然後把日程排得滿滿滿,甚至熬夜燃燒自己的精力。很多人甚至年紀輕輕,已經要靠藥物才能入眠。 從任何角度來看,這對孩子來說,都不是好的生活模範。曾有研究帶出一個驚人的發現:一對在工作中過勞的父母,他們的孩子在學校裡,也比其他孩子更容易筋疲力盡。 父母這麼說:專注功課,保持忙碌 父母其實應該這麼說:現在什麼都別做,開心就好 即使是在休閒期間,許多父母喜歡幫孩子安排容易產生高情緒強度的活動,像是尋求刺激,而非從事低情緒強度的活動。 刺激、找樂子、尋求新經驗都沒有錯,但刺激和壓力一樣,都要讓孩子啟動戰鬥或逃跑系統(fight or flight),消耗我們的生理機能。所以,如果每個週末或課餘時間,都讓孩子從事這樣的活動,那麼等到他們真正需要精力時,資源反而所剩無幾。 此外,研究顯示人在不專心的時候,腦袋反而可以想出很棒的點子。所以,別把孩子的日程填得滿滿的,你更應該刻意騰出一大段時間讓他們自己找樂子。 這時候,請尊重他自己的安排,他要看書、遛狗,或只是躺在草地上看天空都可以。 大人們間流行著慢活、off學,但其實小孩也應該有downtime,在這段停機時間裡,他們可以放鬆、平靜,想幹嘛就幹嘛。 父母這麼說:發揮你的優勢 父母其實應該這麼說:犯錯,學著失敗 父母經常會像親朋好友誇讚自己孩子的長處,並定義自己的孩子數學很棒「是個數學家」,很會畫畫「以後是藝術家」,但在史丹佛大學任教的心理學家德韋克(Carol Dweck)指出,這樣的說話方式,會讓孩子掉進一個既有的框框,讓他們比較不願意嘗試新事物。 比方說,當一個孩子因為體育表現好,屢屢獲得稱讚,體育就可能變成他的舒適圈,讓他不願意離開。如此,他無形中便失去許多嘗試新事物、新領域的可能性,也失去了「失敗的契機」。 對孩子來說,失敗是需要練習的。 為什麼呢?因為如果沒有好好學習,他們未來在任一領域遭遇難題時,便會很快陷入「我反正不是做這個的料」這樣的思維。殊不知,遭遇難題將會是人生路上的家常便飯,從來就不該因為一個挫折,就定義自己在該領域沒能耐。 孩子的發展無可限量,與其標誌出他們的強項,要他們發揮既有優勢,你應該告訴他:「只要你願意試,其實你可以學會任何事。」 父母這麼說:你要知道自己的弱點,但不要顯得軟弱 父母其實應該這麼說:好好善待自己 一般認為,想要進步,接受批評是很重要的。「自知之明」當然重要,但許多父母其實矯枉過正的讓孩子習慣「批評自己」。 一個有關自我批判的研究顯示,許多人的自我批判已經超出檢討程度,更是一種自我糟蹋。這一群人變得只看得到自己的缺點,然後變得沒有自信,表現也變差了,也變得容易放棄、或是更容易做出糟糕的決策。 父母更應該養成孩子「自我疼惜」(self-compassion)的態度,意思是用安慰失敗朋友那樣的態度,疼惜自己。相信多數人面對失意的朋友時,不會苛責對方,而是會溫柔以對。同樣的,父母應該教導孩子,用那樣的方式對待沮喪的自己,而不是在自己難過時,還對自己落井下石。 舉個實例,當一個害羞的孩子培養出了「自我疼惜」,他會告訴自己,有時候感到害羞也沒什麼不好,只是自己的個性沒那麼外放,而他也可以自己設定目標,一小步、一小步的走出自己的世界。"
5089010,外食有害健康　又多一個新理由,"你可以在好幾百種消費商品中找到鄰苯二甲酸酯這種可能有害的化學物質,包括香水、頭髮噴霧、洗髮精,以及處理、包裝食物用的塑膠。 吃進這些化學物質與年幼男孩的生育缺陷、年紀較長孩子與成人的行為問題和肥胖有關。若在母體內接觸到鄰苯二甲酸酯,也可能改變男性生殖系統的發展,造成一或兩個睪丸功能不全。 科學家也懷疑,這種化學物質可能擾亂荷爾蒙,或許會導致生育能力出問題,也與兒童肥胖、氣喘、神經問題、心血管問題甚至癌症有關。 沒有參與這項研究的西雅圖兒童醫院小兒科醫生、華盛頓大學副教授薩斯亞納拉亞納(Dr. Sheela Sathyanarayana)說:「鄰苯二甲酸酯會影響體內的荷爾蒙。」 「荷爾蒙對於正常身體功能如繁殖或代謝至關重要。」 這項研究週三刊登於《Environment International》期刊。研究發現,前一天在餐廳、速食店等地方外食的受試者,體內的鄰苯二甲酸酯較食用雜貨店食物的人高出35%。 喬治華盛頓大學助理教授佐塔(Ami Zota)表示,這些外食的人之所以接觸到鄰苯二甲酸酯,是因為食物曾接觸過塑膠包裝。 佐塔說:「主要是餐廳製作的食物可能接觸到含有鄰苯二甲酸酯的物質,部分是因為食物有部分是在分散的地方製造。」 「多數健康上令人擔心的鄰苯二甲酸酯是塑化劑,為了讓塑膠變軟而添加。」她補充說:「塑化劑被加到食物包裝裡,也可能加在食品處理手套、食物管裡。」 這項研究蒐集2005-2014年美國全國健康與營養檢驗調查數據,調查由美國疾管當局每2年執行一次,詢問1萬253人過去24小時的飲食習慣,並要求提供鳥液檢體評估鄰苯二甲酸酯濃度。 研究人員發現,2/3受訪者前一天至少外食1次,而他們尿液中的鄰苯二甲酸酯代謝物明顯較多。 這項關聯不分年齡、性別與種族,不過在外食的青少年身上最為顯著,他們體內的鄰苯二甲酸酯比在家吃的人多出55%。 佐塔指出,起司漢堡之類的食物與鄰苯二甲酸酯增加也有關,但只有在外食的情況下才會。 這並不是第一次研究指出鄰苯二甲酸酯與食物來源有關。2016年,佐塔帶領的研究發現接觸到鄰苯二甲酸酯與速食店之間的關聯。 好消息是鄰苯二甲酸酯只會留在體內約1天。 佐塔說,改變飲食習慣、吃更多自家煮的餐點幾乎立刻可以看到健康效果。「在家準備食物是雙贏。家裡煮的餐點可以減少糖份、不健康的脂肪和鹽,有害的鄰苯二甲酸酯也不像餐廳那麼多。」 領導研究的加州大學柏克萊分校學者瓦莎夫斯基(Julia Varshavsky)表示,孕婦、兒童、青少年對於化學物質擾亂荷爾蒙的有害影響特別脆弱,所以最好想辦法限制與鄰苯二甲酸酯的接觸。 (資料來源:CNN、Guardian)"
5089011,李紀珠主持新光法說，這句話頗有「轉戰幕後」之意,"李紀珠本(3)月16日閃電請辭金控總經理,僅保留副董事長與金控董事資格,並改由新壽資深副總黃敏義「代理」金控總經理,昨日法說會上,媒體問李紀珠,未來是否還會以發言人身分主持金控法說,與投資法人互動,對此李紀珠則回應,照慣例法說是由總經理主持,「但如果大家不嫌棄,我很樂意陪同」,金融圈人士解讀,此番言論頗有「淡出幕前,轉戰幕後」的意味。 前年9月在吳東進力邀下,李紀珠從資產規模第一大的台灣金控,轉戰新光金擔任總經理,希望在公股金融圈歷練豐富的她,可以貢獻所長,帶領積弱不振的新光金重拾獲利動能。 李紀珠加入新光金後,確實也不負所託,新光金去年稅後純益112.2億元,每股稅後純益(EPS)1.05元,今年前二月稅後純益135.14億元,獲利在15家上市櫃金控排名第二。 一般而言,金控總經理才是握有實權的經理人,副董事長通常被視為「虛職」,李紀珠在新光金獲利繳出亮麗成績單之際,卻選擇閃辭總座,言明未來將專注策略規劃,外界不免揣測,李紀珠是否將逐漸淡出新光金決策圈。 昨日法說會是李紀珠辭金控總經理後首度公開露面,吸引大批法人與媒體到場參與,新光人壽站前摩天大樓43樓會議室現場座無虛席,現場更採取入場登記管制措施,同時禁止媒體攝錄影。 (本文轉載自2018.03.30「經濟日報」,僅反映專家作者意見,不代表本社立場。) 【延伸閱讀】   區塊鏈農作物 頭好壯壯   記帳App進化 存錢更輕鬆   女性共享辦公室 掀風潮   海外所得低於多少才能課稅? 一個公式輕鬆估算"
5089012,避免貿易戰　中美如何在檯面下磋商,"川普3月22日表示,將對最多600億美元的中國進口産品徵收25%的關稅。最早將於3月內給出具體的徵稅品類。給出30天時間徵集意見,然後確定最終品類。加徵關稅被認為需要2個月左右的時間,在此之前雙方能否達成一致將成為焦點。 美國財政部長姆努欽25日接受美國福克斯電視臺採訪時,提到了24日與中國國家主席習近平的經濟顧問——副總理劉鶴進行電話磋商,解釋説「我們就中國的市場開放、降低關稅、停止強制要求技術轉讓能否達成一致進行了磋商」。 據美國紙媒《華爾街日報》報導,美國政府已經向中方發送了要求降低汽車關稅、增加購買美國生産的半導體、實現金融領域開放的文件。據稱,還正在討論姆努欽訪華事宜。 美國要求中方給出今後一年內削減1000億美元貿易逆差的具體對策。美國對中國2017年的逆差額為3752億美元。美國總統川普22日表示,「我們正在與中國進行一場重大談判。將確認最終結果導向」,包含了將根據結果調整制裁的意味。 圖片來源:日經中文提供 作為取消限製鋼鐵進口的對等條件,美國逼迫韓國在汽車貿易等方面做出了讓步。姆努欽強調,「我們的戰略在順利進行」。川普政權對施加關稅「威脅」逼迫對方讓步的戰略深感自信。 一方面,中國對美國的高壓姿態一貫冷靜應對。 「中美雙方應本著務實、理性的態度,通過做大增量促進貿易平衡,堅持談判協商化解分歧摩擦,否則對兩國、對世界都不利」,李克強總理26日在北京與美國蘋果CEO提姆·庫克等海外企業家見面時這樣表示。 作為美國限制進口中國鋼鐵和鋁的對抗措施,中國23日公佈了對美國進口的豬肉和葡萄酒等合計128種産品最多徵收25%關稅的方案。不過,並不包括進口額較大的大豆、半導體和飛機等。從中可以看出中方最終希望通過談判來優先解決問題的姿態。 美國似乎認為受制度和法律束縛沒有已開發國家那樣嚴格的中國,容易做出讓步方案。美國似乎也對水面下的談判充滿自信。 習近平與川普/圖片來源:資料圖,kyodo 2017年第四季度(10~12月)外需讓中國經濟增長率提高了2個百分點。據稱這達到了金融危機後的最高水平。在外需的拉動下,中國也在進行不良債權處理等推進國內的結構改革。如果發生貿易戰,這樣的經濟運營模式也可能發生瓦解。 不過,如果中美談判無法達成一致,也可能啟動制裁關稅。姆努欽提前打下預防針稱,「除非達成可以接受的協議,否則保留啟動制裁關稅」,並強調最終即使啟動制裁關稅,「我也不認為會給美國經濟帶來重大影響」。 川普政權內,美國貿易代表辦公室(USTR)萊特希澤、商務部長羅斯等對華強硬派實力不斷增加。最終川普如何評估中美雙方的談判,並且如何採取行動,目前無法預測。 日本經濟新聞(中文版:日經中文網)鳳山太成 華盛頓、原田逸策 北京 (本文獲得日經中文授權轉載) 【更多日經中文】  1. 美國301條款有多大威力?看看日本過去 2. 美國真正擔憂的是《中國製造2025》? 3. 美方稱掌握中國侵犯知識産權的「強有力證據」     關於作者 日經中文 日經中文網是日本最大財經媒體《日本經濟新聞》的中文網站。日經中文網洞悉東亞經濟動態,聚集政治、文化、國際關係熱點。   (本文轉載自日經中文網,不代表本社立場)"
5089013,桃園客家小館　名列市長口袋愛店,"老闆娘好手藝親友鼓吹開店 身穿客家花布圍裙的老闆娘吳銀妹,自小就跟在媽媽身邊學習做菜,好手藝從小養成,客家的巧婦本事,練就道地的客家料理,親朋好友嘗到好滋味,紛紛鼓勵她開店,讓這美味可以和更多人分享。於是在二○○○年元旦,善園客家小館便坐落在平鎮區環南路上,至今已走過十八個年頭。「我們一開始只有四張桌子,後來將二樓空間規劃起來,現在共有九張桌子,雖然沒有華麗的裝潢,但善園的好味道,客人都知道!」善園現任負責人王興凱自信的說著。 王興凱原本在大陸開設電子工廠,身為長子的他不忍心看到媽媽如此辛勞,以及餐廳未來無人接手,在二○一一年就回到台灣,投入餐廳的經營,王興凱運用本身的電子資訊業觀念,將顧客來店的資料電子化,有系統的整理客人回饋意見,並分析回客率、來店年齡層、點餐品項等,做為菜色的改進參考。「我們是很道地傳統的客家餐廳,來客的年齡層比較高,我會擔心是不是我們的口味不符合年輕人,那就要去了解改善,這幾年的努力下來,有看到年輕人回流,就覺得很值得!」王興凱對自己用心所看到的成果覺得欣慰。  熱情交陪不怕客人吃 用餐時刻,老闆娘和王興凱的身影不斷穿梭於廚房與餐廳間,親切的和各桌客人交流問暖,笑聲此起彼落,幫忙夾菜、盛湯,動作是這麼的自然,好像每桌客人都像家人一樣。「我們有道地客家人的個性,閒不下來。」王興凱笑道。「SARS時期,餐廳的生意比較沒那麼好,但只要來善園用餐,我們就送湯圓,我們不怕客人吃,只怕他們吃不健康,我對我們的食材很有信心。」每天的食材都是王興凱親自去市場挑選,土雞也是自己飼養,唯有堅持,才能讓客人安心品嘗食材的美味。 王興凱分享著客人與善園的故事,有客人長時間旅居國外,但往往一回到台灣,不先回家就先到善園報到,一定要吃一碗極品牛肉湯,才要回家。也有客人生病開刀前,指定要來善園吃碗客家湯圓,才願意去醫院。甚至還有出院後還不能進食的客人說:「來善園聞聞味道就滿足了!」由此可見,善園在客人心中的好滋味,無法被輕易取代。 道地客家菜幸福好滋味 說到善園的人氣美食,王興凱興奮了起來。這碗極品紅燒牛肉湯,需要慢火熬煮八小時,常常有不愛吃牛肉的人,都一碗接著一碗;半筋半肉Q勁十足,濃郁的香味,暖心又暖胃,一試變成主顧客。有客人曾讚不絕口的說道:「這是碗有靈魂的紅燒牛肉湯。」 經過八小時慢火熬煮的極品紅燒牛肉湯,是外出遊子回鄉指定的第一味。 王興凱認為客家菜一定要有白斬雞,善園的白斬雞是來店必點佳餚,為嚴格把關品質,土雞皆由自家飼養,肉質甘甜的土雞,選用不肥不油、皮黃而脆的珍珠雞,搭配特調金桔醬,就是道地的客家味。每日限量的白斬雞,若沒有事先預訂,很可能會向隅。「善園不賣薑絲炒大腸,我們賣的是薑絲炒小腸。」很多人不喜歡吃內臟,因為怕不乾淨,但善園對小腸的清洗是經過一道道的程序,保證乾淨不會有味道,且小腸有著清脆口感,特殊且不常在客家菜見到,深受大家喜歡。 王興凱同時也是台灣客家美食交流協會副祕書長,並在餐飲學校擔任講師培育有意往餐飲發展的學生,王興凱任重道遠的說:「推廣客家美食及分享經驗,傳承這幸福好滋味,分享這份善緣,是我的責任。」  voice from 台三線 每天的食材都親自去市場挑選,土雞皆由自家飼養,唯有堅持食材,客人才能安心品嘗美味,而客家菜也一定要有白斬雞,肉質甘甜的土雞,選用不肥不油且皮黃而脆的珍珠雞,搭配特調金桔醬,就是道地的客家味 光點 善園客家小館 桃園市平鎮區環南路三段315號  本文摘自天下雜誌出版《浪漫台三線款款行客食慢自香》"
5089014,遊客激增　日本新煩惱：外國人看病不付錢　,"日本厚生勞動省以3761家醫療機構為對象、於2016年實施了調查。結果顯示,在給予回答的1710個機構中,約6成曾接收外國患者入院,約8成曾有外國人到門診就診。 在曾接收外國患者的1378個機構中,35%在1年之內發生過未支付費用的情況。雖然該調查的數據中包含在日本居住的外國患者,但日本政府相關人士認為,其中「與因語言等不習慣且迅速回國的訪日遊客有關的糾紛很多」。 圖片來源:日經中文提供 例如訪日遊客大量到訪的沖繩縣。該縣的醫師協會2017年進行的調查顯示,給予回答的19家醫院的約3成遇到了未支付費用的情況。有些情況屬於腦梗塞和急性大動脈夾層等病情,費用超過260萬~500萬日元(約合人民幣15.7萬~30.2萬元)。 不支付費用的原因之一是,購買旅遊保險的外國人很少。在歐洲等地,很多國家將加入保險作為取得簽證的條件,但日本在事實上未採取措施。患者由於負擔膨脹而無力支付,醫院方面也只能忍氣吞聲。 一方面,也存在醫院在接收病患方面的問題。由於沒有針對要採取怎樣的治療等事先進行溝通,患者在接受完治療並被收取高額治療費的階段出現不滿、拒絕支付的情況也不在少數。另外,在只接受現金支付的醫院,還有外國患者因沒有結算手段最終「不支付」的情況。 如果出現外國患者需要長期治療或死亡的情況,將更加棘手。因為,在出現需要移送至母國之際,醫院方面的負擔有可能進一步加重。據稱現在醫院承擔鉅額費用和手續的情況很多。北海道一家醫院的經營者表示,「時間越久,費用就越膨脹,經營也將受到擠壓」。 2017年訪日遊客人數達到創歷史最高的2869萬人。日本政府提出了到2020年達到4000萬人的目標,但日本國際醫療福祉大學研究所的準教授岡村世里奈指出,「圍繞外國人就醫的問題,應對舉措仍不完善。需要地方政府等相關人士一起採取行動」。 日本政府計劃於4月在內閣官房建立相關問題的特別工作組,日本厚生勞動省、外務省和觀光廳等部門將攜手擬定對策。日本駐外公館將推薦遊客購買保險,敦促旅遊公司增加帶保險的旅遊産品。為了增加能通過電子貨幣和信用卡等進行支付的醫院,計劃完善對引進相關結算系統提供政府補貼的制度等。厚生勞動省將制定基於外語的各種疾病的治療和價格表,以事前徵求患者同意。 不過,如果對策過於嚴格,又有可能阻礙訪日遊客的增加。日本政府內部有聲音認為,應強制要求遊客在取得簽證之際購買保險,但謹慎的論調也根深蒂固。這正在發展為難以兼顧促進遊客接收和避免讓接收方困惑的政策課題。 日本經濟新聞(中文版:日經中文網)辻隆史 (本文獲得日經中文授權轉載) 【更多日經中文】  1. 日本海洋基本計劃重點轉向安保 應對中朝  2. 日本將向印度地鐵等提供1492億日元貸款 3. 泰國前總理戴克辛和穎拉訪日 還將前往中國        關於作者 日經中文 日經中文網是日本最大財經媒體《日本經濟新聞》的中文網站。日經中文網洞悉東亞經濟動態,聚集政治、文化、國際關係熱點。   (本文轉載自日經中文網,不代表本社立場)"
5089016,她一年不買東西　學到的一件事,"作家佛蘭德絲(Cait Flanders)瞭解到買新東西其實沒有真的讓她感覺更好之後,決定給自己下達一整年的購物禁令,並把東西分送出去。 佛蘭德絲告訴《獨立報》,她注意到家裡有54本還沒讀過的書,並發現無法從東西裡找到幸福後,決定要改變生活。 她說,她買來沒看的書以及送出去的東西,多是衝動購買或嚮往購買。 佛蘭德絲說「我會立即上網去買書,不問自己何時真的要閱讀。」 一旦她開始整理自己擁有什麼,就發現許多購買來的東西並沒有反映她是個怎樣的人。 「整理超過一半多一點後,我瞭解到我緊抓著的物品,是買給我渴望成為的自己。」 「我買經典小說,因為我讀了好像就會變成有趣的人。或我買了相機,認為那樣我就會是能拍出更好照片的人。」 於是佛蘭德絲開始斷捨離,與「真正的我其實不想要」的東西說再見。 然後她擺脫了70%所有物。 佛蘭德絲也放棄瑣碎的購物,除了日用品、衛生用品、禮物和體驗之外絕不購買。 她成功地一年都沒有買東西,不過改變習慣並不容易。 佛蘭德絲說:「目標開始6個月時,我還在想著買東西。」 「6個月之後變得比較容易,我開始覺得一年不血拼沒問題。」不過她知道,你沒辦法在21天或66天內戒掉習慣。 她的物慾禁令也曾受到挑戰。第一次是有朋友來找她玩,順便喝杯咖啡,而她完全忘了咖啡也在禁買名單內,直到朋友問她血拼禁令進行得順不順利。 第二次發生在黑色星期五,電子書閱讀器Kindle正在特價。佛蘭德絲忘了禁令,下單買了電子書,然後又取消訂單。 「我學到了非常困難的一課。我以前有個很壞的習慣,就是會因為有錢或過得很不順,覺得自己有正當藉口可以買東西。」 佛蘭德絲因此多了一筆錢去旅行,但她旅行時極力克制購買紀念品的欲望,不斷提醒自己,照片比土產更值得用來回憶。 經過一年,她學到重要的一課:「購物或買新東西只是提供短暫的快樂,長期沒有任何用處。」 佛蘭德絲鼓勵有意願的民眾也嘗試購物禁令,不過她建議不用一開始就對自己太嚴格,可以先記錄自己30天內買了什麼東西,再問自己花了多少錢、花在哪裡、是否真的開心。 重點是往積極正面的方向前進,並從中學到東西,例如她就學會了如何接納真正的自己,沒有東西可以神奇地讓自己突然變得更好、更有趣。 (資料來源:Independent、CBC)"
5089017,想獲取利潤？康波理論教你四大環節！,"2017年中期,三季度之後,我們將看到中國和美國的資產價格全線回落,2019年出現最終低點。那個低點可能遠比大家想像的低。 這就是現在可以告訴大家的康波理論。一個康波的運動是技術創新推動的,本次康波1982年開始回升,大家知道1975年到1982年是上一次康波的簫條階段。換句話說,現在這次經歷的康德拉季耶夫週期,我們將經歷的是從衰退向簫條的轉換點,未來十年註定在簫條中渡過,這是康德拉季耶夫不可改變的規律。 然而在這樣的時候,我們該做些什麼?我個人覺得保值和流動性是未來五年最核心問題,而如何能讓企業獲取利潤就顯得非常關鍵。 正好在企業管理雜誌上看到一篇詳細從4個環節逐一闡述如何獲取利潤的方法的文章,特分享給大家,希望年後大家能行動起來。 我們知道,盈利分析、戰略規劃、績效經營和精益改善環環相扣,形成閉環,可幫助企業更好地應對經營環境的不確定性不斷加劇的形勢。從邏輯思考和實現方式的角度,企業獲取利潤的流程都是一個閉環,具體包括盈利分析、戰略規劃、績效經營和精益改善等四個關鍵環節。如果能夠自覺地學習這個邏輯,並堅持不懈按照這個邏輯去展開經營活動,經營將更有效,企業將發展得更好。 圖片來源:詹長霖博士提供 一、盈利分析,找出開源節流方向 在財務核算規範中,人們對利潤和成本進行了各種各樣的定義,如毛利潤、淨利潤、稅前或稅後利潤等,但是財務以外的經營管理者對成本和利潤缺乏直觀的認知,損害了他們參與旨在提升企業經營利潤的改善活動的積極性。 但是如果換另外一種獨特的說法,我想應該更能幫助到企業。 源利潤&開源改善 我們把｢銷售收入｣減去｢額定材料成本｣的差額叫作源利潤。所謂開源,就是提升源利潤的意思。其中,額定材料成本是設計時決定將內化到產品裏的成本,所以也可以稱之為內成本。源利潤的計算公式如下: 源利潤 = 銷售收入 - 額定材料成本 = ∑銷量x售價 - ∑設計材料用量 x 採購價格 開源:通過｢增加銷量,提高售價,減少材料用量和降低材料採購價格｣等四個方面著手進行改進。使用源利潤的概念,有利於讓研發、銷售、生產、品牌和採購等各有關部門,看清本部門在開源管理和提升經營利潤中的責任、價值和意義,並循著源利潤增長的方向進行革新和改善。 外成本與節流改善 外成本:內成本之外的成本,也就是額定材料成本以外所有成本的總和,它包括勞務費用、能源消耗、管理費用、折舊費用、財務費用以及各類失敗成本等大量內容。所謂節流,就是降低所有外成本的管理改善活動。由於外成本包括的內容廣泛,幾乎涉及企業的所有部門,所以節流改善有賴於全員參與。 為了評價節流改善的效果,通常可以採用｢費用率｣進行評價。比如,用勞務費率(勞務費金額/銷售額×100%)來衡量生產和管理效率水準。又如,用單位產值能耗(能耗金額/銷售額×100%)來評價能源使用效率水準。 總之,要保障經營利潤不會受到費用增長的擠壓,有必要把有關人員組織起來進行革新改善,持續降低各項費用率水準。 戰略性支出保障 為了保障企業可持續發展,在節流改善(降低外成本)過程中,要極力避免殺雞取卵式的短期行為,需要通過事前預算的方式,對諸如研發投入、設備投資、行銷及品牌建設、員工福利和員工培養等戰略性支出進行重點保障。即便如此,也還要明確,花錢本身不能成為目標,要基於戰略專案或具體任務對費用進行預算和使用監控,提高費用使用效率。也就是說,在決定和實施戰略性支出的過程中,有必要進行投入產出分析,儘量做到少花錢,多辦事。 比如,要基於《年度行銷和品牌建設計畫》來安排和使用費用,年底要對行銷和品牌建設活動的成效進行總結和分析,以便在下一年度展開更有效的活動。  二、戰略規劃,定義重點戰略和課題 戰略規劃 順著提高｢源利潤｣和降低｢外成本｣兩個方向,通過科學邏輯的分析,應該可以規劃得出以下三個維度的經營戰略: 首先是規模發展戰略。主要研究新老客戶、產品、市場和新舊模式的維持和創新,尋求銷售數量和價格的突破。企業經營不進則退,發展戰略的牽引至關重要。 第二是核心能力戰略。重點研究持續提升精益研發、精益行銷和精益供應鏈三個方面能力的戰略、課題和方法,為規模發展戰略的實現提供強力支撐。 第三是運營效率戰略。具體研究旨在提升企業競爭力的資源效率和流程效率的戰略、課題和方法,提高效率,降低成本,改善企業發展品質,為企業生存發展爭取時間和空間。 課題分解 為了向管理者和員工更直觀地展現革新改善方向,我們可以採用系統圖法來具體表述企業提升經營利潤的方向、戰略和課題。企業開源與節流課題分解示例見下表。 圖片來源:詹長霖博士提供 三、績效經營,保障經營戰略落地 企業績效經營需要一個務實經營計畫的指引,高層(團隊)負責制定企業經營方針(理念、願景、價值觀等),提出經營目標,並基於戰略規劃結果,持續做好三項工作。 一是制定《公司年度經營計畫》。二是指導部門管理者把課題分解為措施,制定可操作的《部門實施計畫》。三是每月一次面對面跟進和輔導各部門管理者扎實落實《部門實施計畫》。 企業經營活動通過對部門管理者進行月度即時跟進輔導,不僅有利於保障措施的落實和目標的達成,還可以統一和加強團隊意志,快速培養具有經營意識的人才。   四、精益改善,促進員工快速成長 只有把公司理念、戰略、課題和方法真正轉化為員工的革新改善行動,經營才可以取得良好效果。 為了促進員工參與,發掘員工智慧,有必要制定年度精益計畫,並積極運營班組上臺階(自主管理)、員工微創新(改善提案)和績效大課題等三個改善機制,營造濃厚的改善氛圍,讓員工在革新改善中快速成長,獲得滿滿的成就感。 首先,班組是企業尤其是製造型企業中最基礎的細胞。班組上臺階活動旨在提升班組活力,讓管理現場始終處在一種向上突破的態勢,提升班組長和組員的意識、技能和解決問題的能力。 其次,員工微創新活動主要著眼於促進員工廣泛參與,引導全體員工關注自己身邊的問題,從我做起,對提升員工意識和能力大有好處。持續推進,還能夠培養員工的責任擔當意識、主人翁意識和精益求精的工匠精神。 最後,開展績效大課題活動,就是要聚焦公司焦點問題,把部門甚至跨部門的優秀員工組織起來,開展有組織的革新改善活動。這樣做的好處是顯而易見的,不僅能改善企業經營績效,還能提升團隊的意識和能力,促進團隊協同。 (作者詹長霖博士,為AIM俐鉅創新總經理兼首席創新長,本文僅反映專家作者意見,不代表本社立場。)"
